start	end
Draft 1923_1923/1	Germany 1919_Art.151
Draft 1923_1923/1	Germany 1919
Draft 1923_1923/2 (1)	Pre-Qin Scholars
Draft 1923_1923/2 (1)	Book of Mencius
Draft 1923_1923/2 (1)	Germany 1919_Art.155 (1)
Draft 1923_1923/2 (1)	Germany 1919_Art.153
Draft 1923_1923/2 (1)	Constitutions of Modern Nations
Draft 1923_1923/2 (1)	Germany 1919
Draft 1923_1923/2 (1)	Germany 1919
Draft 1923_1923/2 (1)	The Soviet Union 1936
Draft 1923_1923/2 (1)	Poland 1921
Draft 1923_1923/2 (1)	Poland 1921
Draft 1923_1923/2 (1)	Portugal 1911
Draft 1923_1923/2 (1)	Portugal 1911
Draft 1923_1923/2 (1)	Czechoslovakia 1920
Draft 1923_1923/2 (1)	Czechoslovakia 1920
Draft 1923_1923/2 (1)	The Soviet Russia 1918
Draft 1923_1923/2 (1)	Far Eastern Republic/Chita 1920
Draft 1923_1923/2 (1)	The Covenant of the League of Nations 1920
Draft 1923_1923/2 (1)	Treaty of Versailles 1919
Draft 1923_1923/2 (1)	Austria 1920
Draft 1923_1923/2 (1)	Switzerland 1874
Draft 1923_1923/2 (1)	Netherlands 1922
Draft 1923_1923/2 (1)	Poland 1921_Art.99
Draft 1923_1923/2 (1)	Portugal 1911_Art.25
Draft 1923_1923/2 (1)	Czechoslovakia 1920_Art.108
Draft 1923_1923/2 (1)	Czechoslovakia 1920_Art.109
Draft 1923_1923/2 (1)	Mexico 1917
Draft 1923_1923/2 (1)	Romania 1923
Draft 1923_1923/2 (1)	Portugal 1933
Draft 1923_1923/2 (1)	Ecuador 1929
Draft 1923_1923/2 (1)	Yugoslavia 1931
Draft 1923_1923/2 (1)	Peru 1933
Draft 1923_1923/2 (1)	Estonia 1920
Draft 1923_1923/2 (1)	Honduras 1924
Draft 1923_1923/2 (1)	Lithuania 1928
Draft 1923_1923/2 (1)	Spain 1931
Draft 1923_1923/2 (2)	Constitutions of Modern Nations
Draft 1923_1923/2 (2)	Germany 1919
Draft 1923_1923/2 (2)	Germany 1919
Draft 1923_1923/2 (2)	The Soviet Union 1936
Draft 1923_1923/2 (2)	Poland 1921
Draft 1923_1923/2 (2)	Poland 1921
Draft 1923_1923/2 (2)	Portugal 1911
Draft 1923_1923/2 (2)	Czechoslovakia 1920
Draft 1923_1923/2 (2)	The Soviet Russia 1918
Draft 1923_1923/2 (2)	Far Eastern Republic/Chita 1920
Draft 1923_1923/2 (2)	The Covenant of the League of Nations 1920
Draft 1923_1923/2 (2)	Treaty of Versailles 1919
Draft 1923_1923/2 (2)	Austria 1920
Draft 1923_1923/2 (2)	Switzerland 1874
Draft 1923_1923/2 (2)	Netherlands 1922
Draft 1923_1923/2 (2)	Germany 1919_Art.155 (4)
Draft 1923_1923/2 (2)	Germany 1919_Art.156
Draft 1923_1923/2 (2)	Lithuania 1928_Art.99 (2)
Draft 1923_1923/2 (2)	Poland 1921_Art.99 (2)
Draft 1923_1923/2 (2)	Mexico 1917
Draft 1923_1923/2 (2)	Romania 1923
Draft 1923_1923/2 (2)	Portugal 1933
Draft 1923_1923/2 (2)	Ecuador 1929
Draft 1923_1923/2 (2)	Yugoslavia 1931
Draft 1923_1923/2 (2)	Peru 1933
Draft 1923_1923/2 (2)	Estonia 1920
Draft 1923_1923/2 (2)	Honduras 1924
Draft 1923_1923/2 (2)	Lithuania 1928
Draft 1923_1923/2 (2)	Spain 1931
Draft 1923_1923/2 (3)	Germany 1919
Draft 1923_1923/2 (3)	Germany 1919_Art.154 (2)
Draft 1923_1923/2 (4)	Constitutions of Modern Nations
Draft 1923_1923/2 (4)	Germany 1919
Draft 1923_1923/2 (4)	Germany 1919
Draft 1923_1923/2 (4)	The Soviet Union 1936
Draft 1923_1923/2 (4)	Poland 1921
Draft 1923_1923/2 (4)	Portugal 1911
Draft 1923_1923/2 (4)	Czechoslovakia 1920
Draft 1923_1923/2 (4)	The Soviet Russia 1918
Draft 1923_1923/2 (4)	Far Eastern Republic/Chita 1920
Draft 1923_1923/2 (4)	The Covenant of the League of Nations 1920
Draft 1923_1923/2 (4)	Treaty of Versailles 1919
Draft 1923_1923/2 (4)	Austria 1920
Draft 1923_1923/2 (4)	Switzerland 1874
Draft 1923_1923/2 (4)	Netherlands 1922
Draft 1923_1923/2 (4)	Germany 1919_Art.152
Draft 1923_1923/2 (4)	Mexico 1917
Draft 1923_1923/2 (4)	Romania 1923
Draft 1923_1923/2 (4)	Portugal 1933
Draft 1923_1923/2 (4)	Ecuador 1929
Draft 1923_1923/2 (4)	Yugoslavia 1931
Draft 1923_1923/2 (4)	Peru 1933
Draft 1923_1923/2 (4)	Estonia 1920
Draft 1923_1923/2 (4)	Honduras 1924
Draft 1923_1923/2 (4)	Lithuania 1928
Draft 1923_1923/2 (4)	Spain 1931
Draft 1923_1923/3 (1)	Book of Mencius
Draft 1923_1923/3 (1)	Ancient Poetry
Draft 1923_1923/3 (1)	Book of Han
Draft 1923_1923/3 (1)	Book of Changes
Draft 1923_1923/3 (1)	Germany 1919
Draft 1923_1923/3 (1)	The Soviet Russia 1918
Draft 1923_1923/3 (1)	The Soviet Russia 1918_Art.10
Draft 1923_1923/3 (1)	The Soviet Russia 1918_Art.18
Draft 1923_1923/3 (1)	The Soviet Russia 1918_Art.64
Draft 1923_1923/3 (1)	Germany 1919_Art.163
Draft 1923_1923/3 (2)	Book of Rites
Draft 1923_1923/3 (2)	Book of Mencius
Draft 1923_1923/3 (3)	Book of Rites
Draft 1923_1923/3 (3)	Book of Mencius
Draft 1923_1923/4	Constitutions of Modern Nations
Draft 1923_1923/4	Germany 1919
Draft 1923_1923/4	Germany 1919
Draft 1923_1923/4	The Soviet Union 1936
Draft 1923_1923/4	Poland 1921
Draft 1923_1923/4	Portugal 1911
Draft 1923_1923/4	Czechoslovakia 1920
Draft 1923_1923/4	The Soviet Russia 1918
Draft 1923_1923/4	Far Eastern Republic/Chita 1920
Draft 1923_1923/4	The Covenant of the League of Nations 1920
Draft 1923_1923/4	The Covenant of the League of Nations 1920
Draft 1923_1923/4	Treaty of Versailles 1919
Draft 1923_1923/4	Austria 1920
Draft 1923_1923/4	Switzerland 1874
Draft 1923_1923/4	Netherlands 1922
Draft 1923_1923/4	Yugoslavia 1931_Art.23
Draft 1923_1923/4	The Covenant of the League of Nations 1920_Art.23
Draft 1923_1923/4	Germany 1919_Art.161
Draft 1923_1923/4	Germany 1919_Art.162
Draft 1923_1923/4	Mexico 1917
Draft 1923_1923/4	Romania 1923
Draft 1923_1923/4	Portugal 1933
Draft 1923_1923/4	Ecuador 1929
Draft 1923_1923/4	Yugoslavia 1931
Draft 1923_1923/4	Peru 1933
Draft 1923_1923/4	Estonia 1920
Draft 1923_1923/4	Honduras 1924
Draft 1923_1923/4	Lithuania 1928
Draft 1923_1923/4	Spain 1931
Draft 1923_1923/5	Constitutions of Modern Nations
Draft 1923_1923/5	Germany 1919
Draft 1923_1923/5	Germany 1919
Draft 1923_1923/5	The Soviet Union 1936
Draft 1923_1923/5	Poland 1921
Draft 1923_1923/5	Portugal 1911
Draft 1923_1923/5	Czechoslovakia 1920
Draft 1923_1923/5	The Soviet Russia 1918
Draft 1923_1923/5	Far Eastern Republic/Chita 1920
Draft 1923_1923/5	The Covenant of the League of Nations 1920
Draft 1923_1923/5	Treaty of Versailles 1919
Draft 1923_1923/5	Austria 1920
Draft 1923_1923/5	Switzerland 1874
Draft 1923_1923/5	Netherlands 1922
Draft 1923_1923/5	Germany 1919_Art.158 (1)
Draft 1923_1923/5	Mexico 1917
Draft 1923_1923/5	Romania 1923
Draft 1923_1923/5	Portugal 1933
Draft 1923_1923/5	Ecuador 1929
Draft 1923_1923/5	Yugoslavia 1931
Draft 1923_1923/5	Peru 1933
Draft 1923_1923/5	Estonia 1920
Draft 1923_1923/5	Honduras 1924
Draft 1923_1923/5	Lithuania 1928
Draft 1923_1923/5	Spain 1931
Draft 1923_1923/6	Germany 1919
Draft 1923_1923/6	Germany 1919_Art.159
Draft 1923_1923/7	Constitutions of Modern Nations
Draft 1923_1923/7	Germany 1919
Draft 1923_1923/7	Germany 1919
Draft 1923_1923/7	The Soviet Union 1936
Draft 1923_1923/7	Poland 1921
Draft 1923_1923/7	Poland 1921
Draft 1923_1923/7	Portugal 1911
Draft 1923_1923/7	Czechoslovakia 1920
Draft 1923_1923/7	The Soviet Russia 1918
Draft 1923_1923/7	Far Eastern Republic/Chita 1920
Draft 1923_1923/7	The Covenant of the League of Nations 1920
Draft 1923_1923/7	Treaty of Versailles 1919
Draft 1923_1923/7	Austria 1920
Draft 1923_1923/7	Austria 1920
Draft 1923_1923/7	Switzerland 1874
Draft 1923_1923/7	Netherlands 1922
Draft 1923_1923/7	Germany 1919_Art.165
Draft 1923_1923/7	Austria 1920_Art.11 (2)
Draft 1923_1923/7	Poland 1921_Art.68
Draft 1923_1923/7	Mexico 1917
Draft 1923_1923/7	Romania 1923
Draft 1923_1923/7	Portugal 1933
Draft 1923_1923/7	Ecuador 1929
Draft 1923_1923/7	Yugoslavia 1931
Draft 1923_1923/7	Peru 1933
Draft 1923_1923/7	Estonia 1920
Draft 1923_1923/7	Honduras 1924
Draft 1923_1923/7	Lithuania 1928
Draft 1923_1923/7	Spain 1931
Draft 1936_1936/117	Germany 1919_Art.153
Draft 1936_1936/117	Constitutions of Modern Nations
Draft 1936_1936/117	Germany 1919
Draft 1936_1936/117	Germany 1919
Draft 1936_1936/117	The Soviet Union 1936
Draft 1936_1936/117	The Soviet Union 1936
Draft 1936_1936/117	Poland 1921
Draft 1936_1936/117	Portugal 1911
Draft 1936_1936/117	Czechoslovakia 1920
Draft 1936_1936/117	The Soviet Russia 1918
Draft 1936_1936/117	Far Eastern Republic/Chita 1920
Draft 1936_1936/117	The Covenant of the League of Nations 1920
Draft 1936_1936/117	Treaty of Versailles 1919
Draft 1936_1936/117	Austria 1920
Draft 1936_1936/117	Switzerland 1874
Draft 1936_1936/117	Netherlands 1922
Draft 1936_1936/117	The Soviet Union 1936_Art.7
Draft 1936_1936/117	The Soviet Union 1936_Art.9
Draft 1936_1936/117	Mexico 1917
Draft 1936_1936/117	Romania 1923
Draft 1936_1936/117	Portugal 1933
Draft 1936_1936/117	Ecuador 1929
Draft 1936_1936/117	Yugoslavia 1931
Draft 1936_1936/117	Peru 1933
Draft 1936_1936/117	Estonia 1920
Draft 1936_1936/117	Honduras 1924
Draft 1936_1936/117	Lithuania 1928
Draft 1936_1936/117	Spain 1931
Draft 1936_1936/118	Constitutions of Modern Nations
Draft 1936_1936/118	Germany 1919
Draft 1936_1936/118	Germany 1919
Draft 1936_1936/118	The Soviet Union 1936
Draft 1936_1936/118	Poland 1921
Draft 1936_1936/118	Portugal 1911
Draft 1936_1936/118	Czechoslovakia 1920
Draft 1936_1936/118	The Soviet Russia 1918
Draft 1936_1936/118	Far Eastern Republic/Chita 1920
Draft 1936_1936/118	The Covenant of the League of Nations 1920
Draft 1936_1936/118	Treaty of Versailles 1919
Draft 1936_1936/118	Austria 1920
Draft 1936_1936/118	Switzerland 1874
Draft 1936_1936/118	Netherlands 1922
Draft 1936_1936/118	Germany 1919_Art.155 (4)
Draft 1936_1936/118	Mexico 1917_Art.27 (4)
Draft 1936_1936/118	Romania 1923_Art.19
Draft 1936_1936/118	Portugal 1933_Art.49
Draft 1936_1936/118	Ecuador 1929_Art.151 (14)
Draft 1936_1936/118	Yugoslavia 1931_Art.117 (4)
Draft 1936_1936/118	Mexico 1917
Draft 1936_1936/118	Mexico 1917
Draft 1936_1936/118	Romania 1923
Draft 1936_1936/118	Romania 1923
Draft 1936_1936/118	Portugal 1933
Draft 1936_1936/118	Portugal 1933
Draft 1936_1936/118	Ecuador 1929
Draft 1936_1936/118	Ecuador 1929
Draft 1936_1936/118	Yugoslavia 1931
Draft 1936_1936/118	Yugoslavia 1931
Draft 1936_1936/118	Peru 1933
Draft 1936_1936/118	Estonia 1920
Draft 1936_1936/118	Honduras 1924
Draft 1936_1936/118	Lithuania 1928
Draft 1936_1936/118	Spain 1931
Draft 1936_1936/119	Principle of People's Livelihood_Lecture 2
Draft 1936_1936/119	Principle of People's Livelihood
Draft 1936_1936/120	Principle of People's Livelihood_Lecture 3
Draft 1936_1936/120	Principle of People's Livelihood
Draft 1936_1936/121	Principle of People's Livelihood_Lecture 2
Draft 1936_1936/121	Principle of People's Livelihood
Draft 1936_1936/123	Principle of People's Livelihood_Lecture 2
Draft 1936_1936/123	Principle of People's Livelihood
Draft 1936_1936/124	Constitutions of Modern Nations
Draft 1936_1936/124	Germany 1919
Draft 1936_1936/124	Germany 1919
Draft 1936_1936/124	The Soviet Union 1936
Draft 1936_1936/124	The Soviet Union 1936
Draft 1936_1936/124	Poland 1921
Draft 1936_1936/124	Poland 1921
Draft 1936_1936/124	Portugal 1911
Draft 1936_1936/124	Czechoslovakia 1920
Draft 1936_1936/124	The Soviet Russia 1918
Draft 1936_1936/124	Far Eastern Republic/Chita 1920
Draft 1936_1936/124	The Covenant of the League of Nations 1920
Draft 1936_1936/124	Treaty of Versailles 1919
Draft 1936_1936/124	Austria 1920
Draft 1936_1936/124	Switzerland 1874
Draft 1936_1936/124	Switzerland 1874
Draft 1936_1936/124	Netherlands 1922
Draft 1936_1936/124	Germany 1919_Art.163
Draft 1936_1936/124	Yugoslavia 1931_Art.23
Draft 1936_1936/124	The Covenant of the League of Nations 1920_Art.23
Draft 1936_1936/124	Germany 1919_Art.161
Draft 1936_1936/124	Germany 1919_Art.162
Draft 1936_1936/124	Germany 1919_Art.159
Draft 1936_1936/124	Germany 1919_Art.165
Draft 1936_1936/124	The Soviet Union 1936_Art.118
Draft 1936_1936/124	The Soviet Union 1936_Art.119
Draft 1936_1936/124	The Soviet Union 1936_Art.125
Draft 1936_1936/124	The Soviet Union 1936_Art.126
Draft 1936_1936/124	Germany 1919_Art.157
Draft 1936_1936/124	Germany 1919_Art.158
Draft 1936_1936/124	Germany 1919_Art.160
Draft 1936_1936/124	Germany 1919_Art.164
Draft 1936_1936/124	Peru 1933_Art.42
Draft 1936_1936/124	Peru 1933_Art.43
Draft 1936_1936/124	Peru 1933_Art.44
Draft 1936_1936/124	Peru 1933_Art.45
Draft 1936_1936/124	Peru 1933_Art.46
Draft 1936_1936/124	Spain 1931_Art.46
Draft 1936_1936/124	Estonia 1920_Art.18 (3)
Draft 1936_1936/124	Poland 1921_Art.102
Draft 1936_1936/124	Poland 1921_Art.103
Draft 1936_1936/124	Honduras 1924_Art.175
Draft 1936_1936/124	Honduras 1924_Art.176
Draft 1936_1936/124	Honduras 1924_Art.177
Draft 1936_1936/124	Lithuania 1928_Art.98
Draft 1936_1936/124	Mexico 1917
Draft 1936_1936/124	Mexico 1917
Draft 1936_1936/124	Romania 1923
Draft 1936_1936/124	Romania 1923
Draft 1936_1936/124	Portugal 1933
Draft 1936_1936/124	Ecuador 1929
Draft 1936_1936/124	Yugoslavia 1931
Draft 1936_1936/124	Yugoslavia 1931
Draft 1936_1936/124	Peru 1933
Draft 1936_1936/124	Peru 1933
Draft 1936_1936/124	Estonia 1920
Draft 1936_1936/124	Estonia 1920
Draft 1936_1936/124	Honduras 1924
Draft 1936_1936/124	Honduras 1924
Draft 1936_1936/124	Lithuania 1928
Draft 1936_1936/124	Lithuania 1928
Draft 1936_1936/124	Spain 1931
Draft 1936_1936/124	Spain 1931
Draft 1936_1936/124	Switzerland 1874_Art.34
Draft 1936_1936/124	Yugoslavia 1931_Art.22
Draft 1936_1936/124	Yugoslavia 1931_Art.24
Draft 1936_1936/124	Yugoslavia 1931_Art.31
Draft 1936_1936/124	Yugoslavia 1931_Art.33
Draft 1936_1936/124	Romania 1923_Art.21
Draft 1936_1936/124	Mexico 1917_Art.123 (1-30)
Draft 1936_1936/125	Principle of People's Livelihood_Lecture 2
Draft 1936_1936/125	Principle of People's Livelihood_Lecture 1
Draft 1936_1936/125	Principle of People's Livelihood
Draft 1936_1936/126	Principle of People's Livelihood_Lecture 3
Draft 1936_1936/126	Principle of People's Livelihood
Draft 1936_1936/127	Mencius
Draft 1936_1936/128	Book of Rites
Draft 1936_1936/128	Constitutions of Modern Nations
Draft 1936_1936/128	Germany 1919
Draft 1936_1936/128	The Soviet Union 1936
Draft 1936_1936/128	The Soviet Union 1936
Draft 1936_1936/128	Poland 1921
Draft 1936_1936/128	Portugal 1911
Draft 1936_1936/128	Czechoslovakia 1920
Draft 1936_1936/128	The Soviet Russia 1918
Draft 1936_1936/128	Far Eastern Republic/Chita 1920
Draft 1936_1936/128	The Covenant of the League of Nations 1920
Draft 1936_1936/128	Treaty of Versailles 1919
Draft 1936_1936/128	Austria 1920
Draft 1936_1936/128	Switzerland 1874
Draft 1936_1936/128	Switzerland 1874
Draft 1936_1936/128	Netherlands 1922
Draft 1936_1936/128	Netherlands 1922
Draft 1936_1936/128	Lithuania 1928_Art.99 (2)
Draft 1936_1936/128	Poland 1921_Art.99 (2)
Draft 1936_1936/128	Mexico 1917
Draft 1936_1936/128	Mexico 1917
Draft 1936_1936/128	Romania 1923
Draft 1936_1936/128	Portugal 1933
Draft 1936_1936/128	Ecuador 1929
Draft 1936_1936/128	Yugoslavia 1931
Draft 1936_1936/128	Peru 1933
Draft 1936_1936/128	Estonia 1920
Draft 1936_1936/128	Honduras 1924
Draft 1936_1936/128	Lithuania 1928
Draft 1936_1936/128	Lithuania 1928
Draft 1936_1936/128	Spain 1931
Draft 1936_1936/128	Spain 1931
Draft 1936_1936/128	The Soviet Union 1936_Art.120
Draft 1936_1936/128	The Soviet Union 1936_Art.122 (2)
Draft 1936_1936/128	Mexico 1917_Art.123 (29)
Draft 1936_1936/128	Lithuania 1928_Art.98 (2)
Draft 1936_1936/128	Spain 1931_Art.46 (2)
Draft 1936_1936/128	Switzerland 1874_Art.34 (2)
Draft 1936_1936/128	Netherlands 1922_Art.196
Draft 1936_1936/Introduction	Germany 1919_Economic Life
Draft 1936_1936/Introduction	The Soviet Union 1936_Chapter one
Draft 1936_1936/Introduction	Constitutions of Modern Nations
Draft 1936_1936/Introduction	Germany 1919
Draft 1936_1936/Introduction	Germany 1919
Draft 1936_1936/Introduction	The Soviet Union 1936
Draft 1936_1936/Introduction	The Soviet Union 1936
Draft 1936_1936/Introduction	Poland 1921
Draft 1936_1936/Introduction	Portugal 1911
Draft 1936_1936/Introduction	Czechoslovakia 1920
Draft 1936_1936/Introduction	The Soviet Russia 1918
Draft 1936_1936/Introduction	Far Eastern Republic/Chita 1920
Draft 1936_1936/Introduction	The Covenant of the League of Nations 1920
Draft 1936_1936/Introduction	Treaty of Versailles 1919
Draft 1936_1936/Introduction	Austria 1920
Draft 1936_1936/Introduction	Switzerland 1874
Draft 1936_1936/Introduction	Netherlands 1922
Draft 1936_1936/Introduction	Mexico 1917
Draft 1936_1936/Introduction	Romania 1923
Draft 1936_1936/Introduction	Portugal 1933
Draft 1936_1936/Introduction	Ecuador 1929
Draft 1936_1936/Introduction	Yugoslavia 1931
Draft 1936_1936/Introduction	Peru 1933
Draft 1936_1936/Introduction	Estonia 1920
Draft 1936_1936/Introduction	Honduras 1924
Draft 1936_1936/Introduction	Lithuania 1928
Draft 1936_1936/Introduction	Spain 1931
